ID,Region,Year,Investment,Wages,Prices,State Exp,State Rev,Industrial,Agriculture,Area,Population,Coastal,,,,,,,,,,,,,,,,,,,,,,,,,
1,Beijing,1980,33.2,795,106,14.87,51.29,3571,33.43,16808,,1,,,,,,,,,,,,,,,,,,,,,,,,,
1,Beijing,1981,36.6,825,101.3,14.85,49.12,3622,33.22,16808,,1,,,,,,,,,,,,,,,,,,,,,,,,,
1,Beijing,1982,38.6,846,101.8,16.8,47.25,3709,35.84,16808,9230,1,,,,,,,,,,,,,,,,,,,,,,,,,
1,Beijing,1983,51.3,925,100.5,19.61,39.84,3880,40.83,16808,,1,,,,,,,,,,,,,,,,,,,,,,,,,
1,Beijing,1984,66.3,1064,102.2,27.15,45.62,4174,45.39,16808,,1,,,,,,,,,,,,,,,,,,,,,,,,,
1,Beijing,1985,94,1132,117.6,32.99,52.44,4777,48.29,16808,,1,,,,,,,,,,,,,,,,,,,,,,,,,
1,Beijing,1986,106.2,1395,106.8,44.27,60.34,4911,48.46,16808,,1,,,,,,,,,,,,,,,,,,,,,,,,,
1,Beijing,1987,136.2,1536,108.6,49.67,63.62,5070,52.84,16808,,1,,,,,,,,,,,,,,,,,,,,,,,,,
1,Beijing,1988,163,1641,120.4,52.93,68.11,5196,59.16,16808,,1,,,,,,,,,,,,,,,,,,,,,,,,,
1,Beijing,1989,139.5,1951,117.2,59.5,71.05,5336,65.42,16808,,1,,,,,,,,,,,,,,,,,,,,,,,,,
1,Beijing,1990,179.2,2549,105.4,66.52,74.01,5409,69.4,16808,10819,1,,,,,,,,,,,,,,,,,,,,,,,,,
1,Beijing,1991,192,2652,111.9,67.98,77.02,5409,75.56,16808,,1,,,,,,,,,,,,,,,,,,,,,,,,,
1,Beijing,1992,266,3141,109.9,71.74,80.25,5308,80.67,16808,,1,,,,,,,,,,,,,,,,,,,,,,,,,
1,Beijing,1993,410.4,3869,119,80.99,84.1,7530,84.91,16808,,1,,,,,,,,,,,,,,,,,,,,,,,,,
1,Beijing,1994,648.8,5547,124.9,98.53,99.85,9312,91.32,16808,,1,,,,,,,,,,,,,,,,,,,,,,,,,
1,Beijing,1995,841.5,7233,117.3,154.4,115.26,9636,90.43,16808,,1,,,,,,,,,,,,,,,,,,,,,,,,,
2,Tianjin,1980,23.92,820,105.1,14.67,40.94,1024,9.25,11760,,1,,,,,,,,,,,,,,,,,,,,,,,,,
2,Tianjin,1981,27.6,805,101.3,14.48,40.2,4143,8.34,11760,,1,,,,,,,,,,,,,,,,,,,,,,,,,
2,Tianjin,1982,35.07,820,100.5,21.38,38.71,4256,12.56,11760,7764,1,,,,,,,,,,,,,,,,,,,,,,,,,
2,Tianjin,1983,41.58,868,100.5,20.49,38.74,4186,12.68,11760,,1,,,,,,,,,,,,,,,,,,,,,,,,,
2,Tianjin,1984,48.28,1071,101.8,18.79,40.46,4365,16.68,11760,,1,,,,,,,,,,,,,,,,,,,,,,,,,
2,Tianjin,1985,65.9,1250,113.1,26.97,48.21,4546,20.44,11760,,1,,,,,,,,,,,,,,,,,,,,,,,,,
2,Tianjin,1986,71.91,1498,106.8,34.85,54.5,4770,26.93,11760,,1,,,,,,,,,,,,,,,,,,,,,,,,,
2,Tianjin,1987,76.44,1651,106.8,31.16,55.87,4871,32.93,11760,,1,,,,,,,,,,,,,,,,,,,,,,,,,
2,Tianjin,1988,82.61,1975,116.9,34.99,44.81,5112,42.34,11760,,1,,,,,,,,,,,,,,,,,,,,,,,,,
2,Tianjin,1989,83.88,2262,114.7,39.26,46.49,5345,49.08,11760,,1,,,,,,,,,,,,,,,,,,,,,,,,,
2,Tianjin,1990,87.69,2438,103,40.2,44.88,5432,51.72,11760,8785,1,,,,,,,,,,,,,,,,,,,,,,,,,
2,Tianjin,1991,128.95,2724,110.2,47.47,58.09,5540,54.55,11760,,1,,,,,,,,,,,,,,,,,,,,,,,,,
2,Tianjin,1992,169.88,3118,111.4,46.52,63.05,5909,58.5,11760,,1,,,,,,,,,,,,,,,,,,,,,,,,,
2,Tianjin,1993,226.56,4080,117.6,51.27,74.96,10747,66.32,11760,,1,,,,,,,,,,,,,,,,,,,,,,,,,
2,Tianjin,1994,315.97,5364,124,72.32,50.15,11280,88.74,11760,,1,,,,,,,,,,,,,,,,,,,,,,,,,
2,Tianjin,1995,393.18,6501,115.3,93.33,61.9,10671,125.44,11760,,1,,,,,,,,,,,,,,,,,,,,,,,,,
3,Hebei,1980,37.16,726,107.2,28.36,35.02,13793,97.79,187700,,0,,,,,,,,,,,,,,,,,,,,,,,,,
3,Hebei,1981,53.31,744,103.2,23.39,34.1,14029,100.23,187700,,0,,,,,,,,,,,,,,,,,,,,,,,,,
3,Hebei,1982,78.09,773,100.9,25.94,31.78,14345,118.58,187700,53005,0,,,,,,,,,,,,,,,,,,,,,,,,,
3,Hebei,1983,74.34,796,102,28.27,36.39,14223,139.22,187700,,0,,,,,,,,,,,,,,,,,,,,,,,,,
3,Hebei,1984,84.68,918,103.1,35.86,39.11,16212,153.07,187700,,0,,,,,,,,,,,,,,,,,,,,,,,,,
3,Hebei,1985,110.66,1075,108.1,41.66,45.15,15819,167.33,187700,,0,,,,,,,,,,,,,,,,,,,,,,,,,
3,Hebei,1986,131.3,1268,105.7,53.82,51.17,18761,174.39,187700,,0,,,,,,,,,,,,,,,,,,,,,,,,,
3,Hebei,1987,152.01,1394,107.8,53.33,57.62,19270,200.66,187700,,0,,,,,,,,,,,,,,,,,,,,,,,,,
3,Hebei,1988,210.85,1688,118,67.52,64.78,19684,256.9,187700,,0,,,,,,,,,,,,,,,,,,,,,,,,,
3,Hebei,1989,192.96,1821,118.7,77.3,76.12,19400,306.99,187700,,0,,,,,,,,,,,,,,,,,,,,,,,,,
3,Hebei,1990,177.21,2019,100.6,87.28,81.15,19133,357.63,187700,61082,0,,,,,,,,,,,,,,,,,,,,,,,,,
3,Hebei,1991,240.45,2156,103.4,91.14,90.66,19204,377.64,187700,,0,,,,,,,,,,,,,,,,,,,,,,,,,
3,Hebei,1992,335.79,2485,106.1,101.19,101.17,19164,419.82,187700,,0,,,,,,,,,,,,,,,,,,,,,,,,,
3,Hebei,1993,540.2,3035,113.8,142.26,144.21,21137,511.29,187700,,0,,,,,,,,,,,,,,,,,,,,,,,,,
3,Hebei,1994,709.19,4185,122.6,160.84,95.22,22274,796.33,187700,,0,,,,,,,,,,,,,,,,,,,,,,,,,
3,Hebei,1995,939.32,4839,115.2,191.18,119.95,24376,1147.83,187700,,0,,,,,,,,,,,,,,,,,,,,,,,,,
4,Shanxi,1980,28.2,754,105.5,19.61,20.96,8937,38.23,156000,,0,,,,,,,,,,,,,,,,,,,,,,,,,
4,Shanxi,1981,25.47,761,103.1,17.47,19.7,8957,46.02,156000,,0,,,,,,,,,,,,,,,,,,,,,,,,,
4,Shanxi,1982,34.55,785,102.3,20.84,20.27,9228,53.08,156000,25291,0,,,,,,,,,,,,,,,,,,,,,,,,,
4,Shanxi,1983,44.83,827,101.5,24.01,24.15,9413,53.81,156000,,0,,,,,,,,,,,,,,,,,,,,,,,,,
4,Shanxi,1984,68.9,1024,103,29.98,27.18,10204,65.15,156000,,0,,,,,,,,,,,,,,,,,,,,,,,,,
4,Shanxi,1985,91.69,1122,108.5,35.55,24.99,10045,62.92,156000,,0,,,,,,,,,,,,,,,,,,,,,,,,,
4,Shanxi,1986,97.02,1299,105.6,41.17,28.64,10824,58.82,156000,,0,,,,,,,,,,,,,,,,,,,,,,,,,
4,Shanxi,1987,106.24,1427,107.4,41.95,33.61,10987,61.42,156000,,0,,,,,,,,,,,,,,,,,,,,,,,,,
4,Shanxi,1988,107.68,1661,120.9,43.49,39.04,11157,87.25,156000,,0,,,,,,,,,,,,,,,,,,,,,,,,,
4,Shanxi,1989,107.96,1902,119.5,50.85,48.31,11249,104.94,156000,,0,,,,,,,,,,,,,,,,,,,,,,,,,
4,Shanxi,1990,123.41,2111,102.2,54.9,51.75,11365,124.78,156000,28758,0,,,,,,,,,,,,,,,,,,,,,,,,,
4,Shanxi,1991,149.52,2267,104.8,60.7,55.59,11127,112.97,156000,,0,,,,,,,,,,,,,,,,,,,,,,,,,
4,Shanxi,1992,172.79,2530,107.3,64.29,57.98,10628,131.43,156000,,0,,,,,,,,,,,,,,,,,,,,,,,,,
4,Shanxi,1993,251.26,3025,115.1,75.71,72.42,11227,155.34,156000,,0,,,,,,,,,,,,,,,,,,,,,,,,,
4,Shanxi,1994,290.9,3997,125.2,89.23,53.82,11466,219.02,156000,,0,,,,,,,,,,,,,,,,,,,,,,,,,
4,Shanxi,1995,295.56,4721,116.9,112.89,72.21,11476,299.68,156000,,0,,,,,,,,,,,,,,,,,,,,,,,,,
5,Inner Mongolia,1980,,750,106.1,18.37,4.13,6625,30.68,1183000,,0,,,,,,,,,,,,,,,,,,,,,,,,,
5,Inner Mongolia,1981,,792,101.9,16.35,4.16,6400,39.43,1183000,,0,,,,,,,,,,,,,,,,,,,,,,,,,
5,Inner Mongolia,1982,,812,101.7,20.31,5.18,6461,47.16,1183000,19274,0,,,,,,,,,,,,,,,,,,,,,,,,,
5,Inner Mongolia,1983,,852,101.2,22.83,6.99,6385,52.43,1183000,,0,,,,,,,,,,,,,,,,,,,,,,,,,
5,Inner Mongolia,1984,,940,104.9,30.86,8.46,6281,61.28,1183000,,0,,,,,,,,,,,,,,,,,,,,,,,,,
5,Inner Mongolia,1985,52.42,1006,109.3,34.18,13.18,6485,73.2,1183000,,0,,,,,,,,,,,,,,,,,,,,,,,,,
5,Inner Mongolia,1986,47.57,1175,105.2,43.9,16.02,6808,77.25,1183000,,0,,,,,,,,,,,,,,,,,,,,,,,,,
5,Inner Mongolia,1987,53.32,1199,107.8,45.56,19.43,7213,87.74,1183000,,0,,,,,,,,,,,,,,,,,,,,,,,,,
5,Inner Mongolia,1988,72.05,1323,116.3,51.01,24.13,7204,122.38,1183000,,0,,,,,,,,,,,,,,,,,,,,,,,,,
5,Inner Mongolia,1989,70.68,1461,115.3,55.81,28.67,7349,126.72,1183000,,0,,,,,,,,,,,,,,,,,,,,,,,,,
5,Inner Mongolia,1990,70.77,1813,102.3,60.9,32.98,7482,156.92,1183000,21456,0,,,,,,,,,,,,,,,,,,,,,,,,,
5,Inner Mongolia,1991,100.66,1891,104.6,66.62,39.4,7582,164.08,1183000,,0,,,,,,,,,,,,,,,,,,,,,,,,,
5,Inner Mongolia,1992,149.24,2151,107.4,72.07,39.08,7505,180.27,1183000,,0,,,,,,,,,,,,,,,,,,,,,,,,,
5,Inner Mongolia,1993,217.4,2402,114.1,88.28,56.12,8217,220.8,1183000,,0,,,,,,,,,,,,,,,,,,,,,,,,,
5,Inner Mongolia,1994,250.99,2955,122.9,92.82,36.3,8393,309.32,1183000,,0,,,,,,,,,,,,,,,,,,,,,,,,,
5,Inner Mongolia,1995,273.06,3532,117.5,102.18,43.7,9496,373.59,1183000,,0,,,,,,,,,,,,,,,,,,,,,,,,,
6,Liaoning,1980,53.6,779,108.4,34.1,86.9,14645,73.5,148400,,1,,,,,,,,,,,,,,,,,,,,,,,,,
6,Liaoning,1981,60.9,777,102,26.7,77.7,15349,78.6,148400,,1,,,,,,,,,,,,,,,,,,,,,,,,,
6,Liaoning,1982,70.8,784,101.4,30.7,75.7,15613,85.4,148400,35721,1,,,,,,,,,,,,,,,,,,,,,,,,,
6,Liaoning,1983,74.2,792,101.7,34.2,64.8,15960,106.5,148400,,1,,,,,,,,,,,,,,,,,,,,,,,,,
6,Liaoning,1984,96.7,912,103.6,29.3,77.1,17538,117.6,148400,,1,,,,,,,,,,,,,,,,,,,,,,,,,
6,Liaoning,1985,142.2,1101,111.4,56.9,85.2,18391,118.1,148400,,1,,,,,,,,,,,,,,,,,,,,,,,,,
6,Liaoning,1986,178.2,1305,106.7,75.5,98.9,19998,142,148400,,1,,,,,,,,,,,,,,,,,,,,,,,,,
6,Liaoning,1987,220.1,1452,108.8,80.4,108,21036,169.2,148400,,1,,,,,,,,,,,,,,,,,,,,,,,,,
6,Liaoning,1988,269.8,1766,119.3,95.2,115.9,21410,227.4,148400,,1,,,,,,,,,,,,,,,,,,,,,,,,,
6,Liaoning,1989,253.5,1964,118.2,114.3,133.2,21344,222.8,148400,,1,,,,,,,,,,,,,,,,,,,,,,,,,
6,Liaoning,1990,262.9,2180,103.3,122.2,129.3,21211,273.8,148400,39459,1,,,,,,,,,,,,,,,,,,,,,,,,,
6,Liaoning,1991,318,2371,105.6,151.5,161.5,21379,302.3,148400,,1,,,,,,,,,,,,,,,,,,,,,,,,,
6,Liaoning,1992,436.8,2715,106.7,148.5,151.6,21942,340.7,148400,,1,,,,,,,,,,,,,,,,,,,,,,,,,
6,Liaoning,1993,718.3,3305,115.2,181.1,213.7,26463,442.7,148400,,1,,,,,,,,,,,,,,,,,,,,,,,,,
6,Liaoning,1994,888,4269,124.3,223.6,153.7,28070,602.1,148400,,1,,,,,,,,,,,,,,,,,,,,,,,,,
6,Liaoning,1995,885,4877,116.1,273.8,184.4,29497,761.8,148400,,1,,,,,,,,,,,,,,,,,,,,,,,,,
7,Jilin,1980,20.88,763,108.1,17.32,14.39,9701,47.47,187400,,1,,,,,,,,,,,,,,,,,,,,,,,,,
7,Jilin,1981,20.98,770,101.6,15.87,10.72,9865,56.89,187400,,1,,,,,,,,,,,,,,,,,,,,,,,,,
7,Jilin,1982,27.51,799,104.2,17.3,11.97,10068,60.58,187400,22560,1,,,,,,,,,,,,,,,,,,,,,,,,,
7,Jilin,1983,29.33,823,104.5,19.41,14.12,10324,78.11,187400,,1,,,,,,,,,,,,,,,,,,,,,,,,,
7,Jilin,1984,40.93,927,103.5,23.34,15.22,11014,88.99,187400,,1,,,,,,,,,,,,,,,,,,,,,,,,,
7,Jilin,1985,62.16,1081,110.3,34.5,21.67,10795,85.89,187400,,1,,,,,,,,,,,,,,,,,,,,,,,,,
7,Jilin,1986,63.41,1221,106,50.12,29.52,11823,98.43,187400,,1,,,,,,,,,,,,,,,,,,,,,,,,,
7,Jilin,1987,77,1366,107.6,53.23,37.52,11910,120.81,187400,,1,,,,,,,,,,,,,,,,,,,,,,,,,
7,Jilin,1988,93.03,1630,120.3,61.26,43.32,12136,140.91,187400,,1,,,,,,,,,,,,,,,,,,,,,,,,,
7,Jilin,1989,80.1,1755,117.2,67.14,49.4,12290,133.79,187400,,1,,,,,,,,,,,,,,,,,,,,,,,,,
7,Jilin,1990,93.51,1888,104.9,71.67,50.68,12221,189.09,187400,24659,1,,,,,,,,,,,,,,,,,,,,,,,,,
7,Jilin,1991,113.97,2045,106.8,79.12,62.46,12101,188.38,187400,,1,,,,,,,,,,,,,,,,,,,,,,,,,
7,Jilin,1992,151.08,2308,108,80.02,56.99,11951,204.39,187400,,1,,,,,,,,,,,,,,,,,,,,,,,,,
7,Jilin,1993,253.59,2701,112.6,103.11,79.82,13072,243.95,187400,,1,,,,,,,,,,,,,,,,,,,,,,,,,
7,Jilin,1994,302.47,3666,120.6,104.59,51.27,13007,405.48,187400,,1,,,,,,,,,,,,,,,,,,,,,,,,,
7,Jilin,1995,341.85,4430,115.2,120.9,63.28,13140,490.28,187400,,1,,,,,,,,,,,,,,,,,,,,,,,,,
8,Heilongjiang,1980,38.5,821,107.3,25.76,17.06,12829,85.61,454800,,1,,,,,,,,,,,,,,,,,,,,,,,,,
8,Heilongjiang,1981,47,831,102.1,25.87,15.64,12819,87.01,454800,,1,,,,,,,,,,,,,,,,,,,,,,,,,
8,Heilongjiang,1982,62.9,855,103,28.01,17.31,13136,94.34,454800,32665,1,,,,,,,,,,,,,,,,,,,,,,,,,
8,Heilongjiang,1983,71.9,869,102.5,30.71,21.56,13260,106.88,454800,,1,,,,,,,,,,,,,,,,,,,,,,,,,
8,Heilongjiang,1984,88.5,967,104.4,36.12,26.74,13933,121.54,454800,,1,,,,,,,,,,,,,,,,,,,,,,,,,
8,Heilongjiang,1985,111.8,1104,111.8,44.63,37.42,14268,114.31,454800,,1,,,,,,,,,,,,,,,,,,,,,,,,,
8,Heilongjiang,1986,123.6,1279,106.2,61.27,47.36,15204,137.17,454800,,1,,,,,,,,,,,,,,,,,,,,,,,,,
8,Heilongjiang,1987,140.3,1356,109.4,66,53.76,14982,137,454800,,1,,,,,,,,,,,,,,,,,,,,,,,,,
8,Heilongjiang,1988,160.6,1578,118,74.05,62.58,14642,151.72,454800,,1,,,,,,,,,,,,,,,,,,,,,,,,,
8,Heilongjiang,1989,158,1739,114.6,85.36,72.32,14652,162.18,454800,,1,,,,,,,,,,,,,,,,,,,,,,,,,
8,Heilongjiang,1990,162.9,1850,105.7,92.71,76.58,14684,245.38,454800,35215,1,,,,,,,,,,,,,,,,,,,,,,,,,
8,Heilongjiang,1991,189.6,2070,107.4,110.07,94.74,14507,244.29,454800,,1,,,,,,,,,,,,,,,,,,,,,,,,,
8,Heilongjiang,1992,244.2,2295,109.2,102.46,84.55,14260,278.03,454800,,1,,,,,,,,,,,,,,,,,,,,,,,,,
8,Heilongjiang,1993,328.6,2661,114.8,124.94,108.11,15920,318.01,454800,,1,,,,,,,,,,,,,,,,,,,,,,,,,
8,Heilongjiang,1994,405.3,3375,121.9,142.4,84.66,16807,509.57,454800,,1,,,,,,,,,,,,,,,,,,,,,,,,,
8,Heilongjiang,1995,487.5,4145,116.1,174.61,101.31,19006,623.63,454800,,1,,,,,,,,,,,,,,,,,,,,,,,,,
9,Shanghai,1980,45.43,824,105.9,19.18,174.73,6233,18.9,6340.5,,1,,,,,,,,,,,,,,,,,,,,,,,,,
9,Shanghai,1981,54.6,858,101.4,19.06,174.35,6753,20.33,6340.5,,1,,,,,,,,,,,,,,,,,,,,,,,,,
9,Shanghai,1982,71.34,880,100.3,20.68,167.99,7181,23.97,6340.5,11859,1,,,,,,,,,,,,,,,,,,,,,,,,,
9,Shanghai,1983,75.94,895,100.2,22.39,156.39,7442,22.68,6340.5,,1,,,,,,,,,,,,,,,,,,,,,,,,,
9,Shanghai,1984,92.3,1086,102.2,30.32,163.96,7295,26.59,6340.5,,1,,,,,,,,,,,,,,,,,,,,,,,,,
9,Shanghai,1985,118.56,1229,115.2,46.07,184.23,8422,31.38,6340.5,,1,,,,,,,,,,,,,,,,,,,,,,,,,
9,Shanghai,1986,146.93,1589,106.3,59.08,179.46,8762,33.76,6340.5,,1,,,,,,,,,,,,,,,,,,,,,,,,,
9,Shanghai,1987,186.3,1751,108.1,53.85,168.97,9328,38.84,6340.5,,1,,,,,,,,,,,,,,,,,,,,,,,,,
9,Shanghai,1988,245.27,1896,120.1,65.88,161.62,9668,53.07,6340.5,,1,,,,,,,,,,,,,,,,,,,,,,,,,
9,Shanghai,1989,214.76,2250,115.9,73.31,166.88,10282,60.63,6340.5,,1,,,,,,,,,,,,,,,,,,,,,,,,,
9,Shanghai,1990,227.08,2744,106.3,75.56,170.03,10109,68.16,6340.5,13341,1,,,,,,,,,,,,,,,,,,,,,,,,,
9,Shanghai,1991,258.3,3054,110.5,86.05,175.53,10203,73.65,6340.5,,1,,,,,,,,,,,,,,,,,,,,,,,,,
9,Shanghai,1992,357.38,3885,110,94.99,185.56,10144,80.01,6340.5,,1,,,,,,,,,,,,,,,,,,,,,,,,,
9,Shanghai,1993,653.91,4700,120.2,129.26,242.34,10254,96.2,6340.5,,1,,,,,,,,,,,,,,,,,,,,,,,,,
9,Shanghai,1994,1123.29,5973,123.9,196.92,175.33,11496,140.24,6340.5,,1,,,,,,,,,,,,,,,,,,,,,,,,,
9,Shanghai,1995,1601.79,7817,118.7,267.89,227.3,15396,182.47,6340.5,,1,,,,,,,,,,,,,,,,,,,,,,,,,
10,Jiangsu,1980,34.73,667,105.7,28.95,62.45,29685,138.45,102600,,1,,,,,,,,,,,,,,,,,,,,,,,,,
10,Jiangsu,1981,60.5,672,101,23.79,63.04,30677,153.62,102600,,1,,,,,,,,,,,,,,,,,,,,,,,,,
10,Jiangsu,1982,76.21,703,100.9,24.63,66.61,30874,188.11,102600,60521,1,,,,,,,,,,,,,,,,,,,,,,,,,
10,Jiangsu,1983,105.27,723,100.5,32.29,73.63,30759,206.86,102600,,1,,,,,,,,,,,,,,,,,,,,,,,,,
10,Jiangsu,1984,103.98,931,104.1,39.15,76.28,33955,253.82,102600,,1,,,,,,,,,,,,,,,,,,,,,,,,,
10,Jiangsu,1985,191.93,1135,109.5,50.53,89,33486,288.55,102600,,1,,,,,,,,,,,,,,,,,,,,,,,,,
10,Jiangsu,1986,241.23,1327,107.1,66.14,98.73,38698,332.66,102600,,1,,,,,,,,,,,,,,,,,,,,,,,,,
10,Jiangsu,1987,317.12,1471,109.2,68,107.17,38985,380.25,102600,,1,,,,,,,,,,,,,,,,,,,,,,,,,
10,Jiangsu,1988,371.87,1796,121.9,81.45,117.96,38853,497.95,102600,,1,,,,,,,,,,,,,,,,,,,,,,,,,
10,Jiangsu,1989,320.23,1918,117.1,92.25,126.39,37919,522.25,102600,,1,,,,,,,,,,,,,,,,,,,,,,,,,
10,Jiangsu,1990,356.3,2129,103.2,100.97,136.2,37489,580.53,102600,67056,1,,,,,,,,,,,,,,,,,,,,,,,,,
10,Jiangsu,1991,439.98,2302,104.9,128.18,143.29,37004,580.93,102600,,1,,,,,,,,,,,,,,,,,,,,,,,,,
10,Jiangsu,1992,711.7,2800,106.6,125.86,152.31,37129,673.82,102600,,1,,,,,,,,,,,,,,,,,,,,,,,,,
10,Jiangsu,1993,1144.2,3615,118.2,163.87,221.3,39497,875.37,102600,,1,,,,,,,,,,,,,,,,,,,,,,,,,
10,Jiangsu,1994,1331.13,4974,123.2,200.17,136.62,39195,1335.23,102600,,1,,,,,,,,,,,,,,,,,,,,,,,,,
10,Jiangsu,1995,1680.17,5943,115.8,253.49,172.64,42676,1686.78,102600,,1,,,,,,,,,,,,,,,,,,,,,,,,,
11,Zhejiang,1980,33.25,645,108.8,17.34,31.13,26888,92.67,101800,,1,,,,,,,,,,,,,,,,,,,,,,,,,
11,Zhejiang,1981,34.16,696,101.7,17.12,34.34,28950,95.56,101800,,1,,,,,,,,,,,,,,,,,,,,,,,,,
11,Zhejiang,1982,41.72,726,101.9,18.88,36.64,29485,118.04,101800,38884,1,,,,,,,,,,,,,,,,,,,,,,,,,
11,Zhejiang,1983,44.04,740,102.8,21.94,41.79,30723,118.68,101800,,1,,,,,,,,,,,,,,,,,,,,,,,,,
11,Zhejiang,1984,64.89,880,103.7,28.8,46.67,37578,147.49,101800,,1,,,,,,,,,,,,,,,,,,,,,,,,,
11,Zhejiang,1985,102.2,1008,114.8,37.4,58.25,40473,174.05,101800,,1,,,,,,,,,,,,,,,,,,,,,,,,,
11,Zhejiang,1986,127.39,1244,106.2,50.96,68.61,43821,192.04,101800,,1,,,,,,,,,,,,,,,,,,,,,,,,,
11,Zhejiang,1987,156.2,1371,108.8,51.24,76.36,41857,227.18,101800,,1,,,,,,,,,,,,,,,,,,,,,,,,,
11,Zhejiang,1988,188.95,1492,121.5,63.14,85.55,42202,280.94,101800,,1,,,,,,,,,,,,,,,,,,,,,,,,,
11,Zhejiang,1989,179.49,1740,118.2,74.77,98.21,41046,304.5,101800,,1,,,,,,,,,,,,,,,,,,,,,,,,,
11,Zhejiang,1990,186.96,1898,102.1,80.23,101.59,40119,331.56,101800,41446,1,,,,,,,,,,,,,,,,,,,,,,,,,
11,Zhejiang,1991,239.75,2293,103.5,88.43,108.94,40737,363.22,101800,,1,,,,,,,,,,,,,,,,,,,,,,,,,
11,Zhejiang,1992,361.18,2640,107.5,95.31,118.36,39262,396.93,101800,,1,,,,,,,,,,,,,,,,,,,,,,,,,
11,Zhejiang,1993,683.83,3239,119.8,125.04,166.64,39528,490.13,101800,,1,,,,,,,,,,,,,,,,,,,,,,,,,
11,Zhejiang,1994,1006.39,4490,124.8,153.03,94.63,37633,690.2,101800,,1,,,,,,,,,,,,,,,,,,,,,,,,,
11,Zhejiang,1995,1357.9,5658,116.6,180.29,116.82,35256,868.76,101800,,1,,,,,,,,,,,,,,,,,,,,,,,,,
12,Anhui,1980,17.3,684,103.8,16.66,20.28,12932,84.63,139400,,0,,,,,,,,,,,,,,,,,,,,,,,,,
12,Anhui,1981,15.72,689,103.2,15.4,20.66,13182,119.76,139400,,0,,,,,,,,,,,,,,,,,,,,,,,,,
12,Anhui,1982,33.99,717,100.1,16.87,21.98,14401,128.99,139400,49665,0,,,,,,,,,,,,,,,,,,,,,,,,,
12,Anhui,1983,46.16,733,102.2,20.38,22.39,14756,137.05,139400,,0,,,,,,,,,,,,,,,,,,,,,,,,,
12,Anhui,1984,62.22,855,102.1,23.56,24.38,18771,162.11,139400,,0,,,,,,,,,,,,,,,,,,,,,,,,,
12,Anhui,1985,80.74,950,107.1,33.88,30.16,16786,198.24,139400,,0,,,,,,,,,,,,,,,,,,,,,,,,,
12,Anhui,1986,103.49,1125,106.2,46.18,35.45,21332,221.92,139400,,0,,,,,,,,,,,,,,,,,,,,,,,,,
12,Anhui,1987,117.18,1239,109.1,44.53,38.84,20827,255.34,139400,,0,,,,,,,,,,,,,,,,,,,,,,,,,
12,Anhui,1988,137.82,1475,120.9,47.81,43.55,21587,315.25,139400,,0,,,,,,,,,,,,,,,,,,,,,,,,,
12,Anhui,1989,114.39,1624,117.2,55.25,52.42,21511,341.53,139400,,0,,,,,,,,,,,,,,,,,,,,,,,,,
12,Anhui,1990,122.98,1827,102.7,61.57,52.89,20901,370.94,139400,56181,0,,,,,,,,,,,,,,,,,,,,,,,,,
12,Anhui,1991,137.26,1959,106.1,81.39,48.18,20877,317.26,139400,,0,,,,,,,,,,,,,,,,,,,,,,,,,
12,Anhui,1992,214.84,2265,108.2,74.11,55.14,20649,390.04,139400,,0,,,,,,,,,,,,,,,,,,,,,,,,,
12,Anhui,1993,321.04,2770,114.7,72.01,73.21,22447,519.12,139400,,0,,,,,,,,,,,,,,,,,,,,,,,,,
12,Anhui,1994,399.54,2793,126.9,93.27,54.68,21719,774.43,139400,,0,,,,,,,,,,,,,,,,,,,,,,,,,
12,Anhui,1995,532.54,4609,114.8,135.88,83.83,24276,980.26,139400,,0,,,,,,,,,,,,,,,,,,,,,,,,,
13,Fujian,1980,18.3,668,106.1,15.05,15.33,9005,45.49,123900,,1,,,,,,,,,,,,,,,,,,,,,,,,,
13,Fujian,1981,18.47,696,103.8,14.27,14.52,9065,56.11,123900,,1,,,,,,,,,,,,,,,,,,,,,,,,,
13,Fujian,1982,24.45,740,103.1,16.42,13.67,9621,63.73,123900,25872,1,,,,,,,,,,,,,,,,,,,,,,,,,
13,Fujian,1983,26.97,816,102,17.55,12.37,9766,68.08,123900,,1,,,,,,,,,,,,,,,,,,,,,,,,,
13,Fujian,1984,34.61,902,102.8,20.52,16.78,10310,80.66,123900,,1,,,,,,,,,,,,,,,,,,,,,,,,,
13,Fujian,1985,55.62,951,111.3,30.64,25.08,10306,99.05,123900,,1,,,,,,,,,,,,,,,,,,,,,,,,,
13,Fujian,1986,64.46,1167,106.5,37.62,29.14,10466,107.07,123900,,1,,,,,,,,,,,,,,,,,,,,,,,,,
13,Fujian,1987,81.6,1206,109.4,39.99,33.16,11349,132.97,123900,,1,,,,,,,,,,,,,,,,,,,,,,,,,
13,Fujian,1988,100.29,1300,126.5,49.29,40.16,11792,182,123900,,1,,,,,,,,,,,,,,,,,,,,,,,,,
13,Fujian,1989,101.65,1594,118.9,60.48,53.01,12341,209.92,123900,,1,,,,,,,,,,,,,,,,,,,,,,,,,
13,Fujian,1990,115.41,2177,99.3,68.45,57.06,12556,227.12,123900,30048,1,,,,,,,,,,,,,,,,,,,,,,,,,
13,Fujian,1991,145.62,2338,103.5,78.13,69.7,12635,253.51,123900,,1,,,,,,,,,,,,,,,,,,,,,,,,,
13,Fujian,1992,227.55,2625,105.9,84.5,75.35,12493,295.24,123900,,1,,,,,,,,,,,,,,,,,,,,,,,,,
13,Fujian,1993,368.45,3016,115.4,113.88,110.58,14577,386.34,123900,,1,,,,,,,,,,,,,,,,,,,,,,,,,
13,Fujian,1994,538.86,3903,125.3,137.73,149.66,15914,574.05,123900,,1,,,,,,,,,,,,,,,,,,,,,,,,,
13,Fujian,1995,681.18,5084,115.2,171.58,184.58,19166,738.63,123900,,1,,,,,,,,,,,,,,,,,,,,,,,,,
14,Jiangxi,1980,18.82,713,107.5,15.99,12.47,10111,68.15,166900,,0,,,,,,,,,,,,,,,,,,,,,,,,,
14,Jiangxi,1981,17.09,719,103.8,14.03,13.18,10069,74.26,166900,,0,,,,,,,,,,,,,,,,,,,,,,,,,
14,Jiangxi,1982,24.5,732,103.1,15.54,12.33,10628,83.15,166900,33185,0,,,,,,,,,,,,,,,,,,,,,,,,,
14,Jiangxi,1983,28.09,747,101.9,17.47,13.53,11526,86.08,166900,,0,,,,,,,,,,,,,,,,,,,,,,,,,
14,Jiangxi,1984,35.21,894,102.6,21.94,15.01,13258,98.35,166900,,0,,,,,,,,,,,,,,,,,,,,,,,,,
14,Jiangxi,1985,44.03,997,109,29.73,21.18,12554,114.5,166900,,0,,,,,,,,,,,,,,,,,,,,,,,,,
14,Jiangxi,1986,53.35,1147,106.6,36.63,24.06,14491,124.79,166900,,0,,,,,,,,,,,,,,,,,,,,,,,,,
14,Jiangxi,1987,58.77,1215,106.6,37.79,28.21,14654,144.35,166900,,0,,,,,,,,,,,,,,,,,,,,,,,,,
14,Jiangxi,1988,78.17,1446,121.8,42.35,32.29,15163,174.18,166900,,0,,,,,,,,,,,,,,,,,,,,,,,,,
14,Jiangxi,1989,73.28,1562,118.5,48.71,37.49,14697,197.93,166900,,0,,,,,,,,,,,,,,,,,,,,,,,,,
14,Jiangxi,1990,70.65,1729,102.1,50.76,40.62,14230,255.24,166900,37710,0,,,,,,,,,,,,,,,,,,,,,,,,,
14,Jiangxi,1991,91.07,1842,102.8,60.37,44.81,14534,271.58,166900,,0,,,,,,,,,,,,,,,,,,,,,,,,,
14,Jiangxi,1992,125.36,2154,105.7,68.38,49.39,13853,298.35,166900,,0,,,,,,,,,,,,,,,,,,,,,,,,,
14,Jiangxi,1993,185.5,2580,114.6,81.9,65.67,15357,360.11,166900,,0,,,,,,,,,,,,,,,,,,,,,,,,,
14,Jiangxi,1994,237.45,3450,126.9,92.03,88.67,16257,527.86,166900,,0,,,,,,,,,,,,,,,,,,,,,,,,,
14,Jiangxi,1995,284.18,4211,116.9,110.34,105.22,18699,631.71,166900,,0,,,,,,,,,,,,,,,,,,,,,,,,,
15,Shandong,1980,69.97,710,105,30.07,48.11,16764,160.91,157100,,1,,,,,,,,,,,,,,,,,,,,,,,,,
15,Shandong,1981,79.6,742,101.8,25.53,51.19,17111,198.5,157100,,1,,,,,,,,,,,,,,,,,,,,,,,,,
15,Shandong,1982,85,762,100.9,29.45,49.29,17765,218.51,157100,74419,1,,,,,,,,,,,,,,,,,,,,,,,,,
15,Shandong,1983,96.46,771,102.4,32.41,50.41,18008,259.5,157100,,1,,,,,,,,,,,,,,,,,,,,,,,,,
15,Shandong,1984,140.15,970,101.6,38.98,53.6,19249,310.11,157100,,1,,,,,,,,,,,,,,,,,,,,,,,,,
15,Shandong,1985,194.33,1021,108.7,51.3,67.53,18482,335.42,157100,,1,,,,,,,,,,,,,,,,,,,,,,,,,
15,Shandong,1986,223.08,1256,104.5,67.94,62.15,20679,361.19,157100,,1,,,,,,,,,,,,,,,,,,,,,,,,,
15,Shandong,1987,297.77,1320,108.3,75.22,72.79,21651,413.18,157100,,1,,,,,,,,,,,,,,,,,,,,,,,,,
15,Shandong,1988,369.82,1501,118.7,94.07,82.68,22530,494.53,157100,,1,,,,,,,,,,,,,,,,,,,,,,,,,
15,Shandong,1989,305.54,1637,117.3,113.67,100.94,22571,548.3,157100,,1,,,,,,,,,,,,,,,,,,,,,,,,,
15,Shandong,1990,335.66,2079,103.4,123.85,109.11,22489,647.49,157100,84392,1,,,,,,,,,,,,,,,,,,,,,,,,,
15,Shandong,1991,439.82,2185,104.9,132.06,128.52,22752,793.03,157100,,1,,,,,,,,,,,,,,,,,,,,,,,,,
15,Shandong,1992,601.5,2435,106.8,145.7,139.32,23145,840.71,157100,,1,,,,,,,,,,,,,,,,,,,,,,,,,
15,Shandong,1993,892.48,2794,112.7,188.36,194.4,24345,994.25,157100,,1,,,,,,,,,,,,,,,,,,,,,,,,,
15,Shandong,1994,1108,3515,123.4,218.77,134.66,24383,1387.03,157100,,1,,,,,,,,,,,,,,,,,,,,,,,,,
15,Shandong,1995,1320.97,4375,117.6,275.87,179,27392,1857.48,157100,,1,,,,,,,,,,,,,,,,,,,,,,,,,
16,Henan,1980,24.27,730,106,26.74,31.86,13327,134.62,167000,,0,,,,,,,,,,,,,,,,,,,,,,,,,
16,Henan,1981,47.25,742,102.4,25.84,34.23,13362,151.24,167000,,0,,,,,,,,,,,,,,,,,,,,,,,,,
16,Henan,1982,53.52,754,101.8,29.81,33.49,14226,151.06,167000,74422,0,,,,,,,,,,,,,,,,,,,,,,,,,
16,Henan,1983,61.4,767,102.9,30.06,36.49,14463,187.02,167000,,0,,,,,,,,,,,,,,,,,,,,,,,,,
16,Henan,1984,86.93,866,102.2,36.79,39.26,14803,208.68,167000,,0,,,,,,,,,,,,,,,,,,,,,,,,,
16,Henan,1985,126.95,1015,104.6,49.51,48.93,14775,241.54,167000,,0,,,,,,,,,,,,,,,,,,,,,,,,,
16,Henan,1986,144.94,1159,105.5,69.2,54.92,16120,259.49,167000,,0,,,,,,,,,,,,,,,,,,,,,,,,,
16,Henan,1987,160.42,1258,106.3,65.26,63.15,16202,323.62,167000,,0,,,,,,,,,,,,,,,,,,,,,,,,,
16,Henan,1988,204.05,1470,119.4,76.22,70.98,16157,370.67,167000,,0,,,,,,,,,,,,,,,,,,,,,,,,,
16,Henan,1989,187.68,1628,118.7,87.67,80.97,16372,449.88,167000,,0,,,,,,,,,,,,,,,,,,,,,,,,,
16,Henan,1990,206.12,1825,100.7,89.53,83.59,16082,502.01,167000,85534,0,,,,,,,,,,,,,,,,,,,,,,,,,
16,Henan,1991,256.46,1964,102.3,97.88,91.36,16118,531.05,167000,,0,,,,,,,,,,,,,,,,,,,,,,,,,
16,Henan,1992,318.83,2269,105.4,116.49,104.03,16531,573.65,167000,,0,,,,,,,,,,,,,,,,,,,,,,,,,
16,Henan,1993,450.43,2646,110.4,147.73,139.2,18093,671.69,167000,,0,,,,,,,,,,,,,,,,,,,,,,,,,
16,Henan,1994,628.03,3545,125.2,169.62,93.35,21407,883.32,167000,,0,,,,,,,,,,,,,,,,,,,,,,,,,
16,Henan,1995,805.03,4344,116.5,207.28,124.63,23440,1304.25,167000,,0,,,,,,,,,,,,,,,,,,,,,,,,,
17,Hubei,1980,35.5,673,106.8,26.53,34.01,13407,94.95,185900,,0,,,,,,,,,,,,,,,,,,,,,,,,,
17,Hubei,1981,33.48,702,102.1,23.6,36.87,13955,111.68,185900,,0,,,,,,,,,,,,,,,,,,,,,,,,,
17,Hubei,1982,48.83,732,100.9,25.47,36.43,14905,128.35,185900,47808,0,,,,,,,,,,,,,,,,,,,,,,,,,
17,Hubei,1983,56.13,746,101.7,28.32,40.44,15758,134.09,185900,,0,,,,,,,,,,,,,,,,,,,,,,,,,
17,Hubei,1984,74.47,864,102.9,31.72,42.12,19030,169.2,185900,,0,,,,,,,,,,,,,,,,,,,,,,,,,
17,Hubei,1985,102.91,931,108.4,43.6,50.26,16850,192.32,185900,,0,,,,,,,,,,,,,,,,,,,,,,,,,
17,Hubei,1986,111.44,1104,105.5,58.04,57.58,22102,219.1,185900,,0,,,,,,,,,,,,,,,,,,,,,,,,,
17,Hubei,1987,140.08,1181,107.5,60.98,65.35,20676,249.68,185900,,0,,,,,,,,,,,,,,,,,,,,,,,,,
17,Hubei,1988,160.46,1311,119,68.66,69.02,20386,297.51,185900,,0,,,,,,,,,,,,,,,,,,,,,,,,,
17,Hubei,1989,123.7,1501,116.3,79.07,77.27,19953,335.04,185900,,0,,,,,,,,,,,,,,,,,,,,,,,,,
17,Hubei,1990,144.44,1846,104.2,84.82,77.85,19665,402.23,185900,53970,0,,,,,,,,,,,,,,,,,,,,,,,,,
17,Hubei,1991,168.19,1960,104.9,99.52,95.09,19248,405.04,185900,,0,,,,,,,,,,,,,,,,,,,,,,,,,
17,Hubei,1992,240.73,2145,109.6,98.97,94.14,18289,435.42,185900,,0,,,,,,,,,,,,,,,,,,,,,,,,,
17,Hubei,1993,383.18,2469,118.4,114.58,115.07,19763,501.17,185900,,0,,,,,,,,,,,,,,,,,,,,,,,,,
17,Hubei,1994,593.07,3189,125.3,137.2,77.46,19671,786.84,185900,,0,,,,,,,,,,,,,,,,,,,,,,,,,
17,Hubei,1995,826.5,3901,120,162.43,99.69,21021,988.53,185900,,0,,,,,,,,,,,,,,,,,,,,,,,,,
18,Hunan,1980,32.2,718,106.3,23.71,29.86,18670,116.34,211800,,0,,,,,,,,,,,,,,,,,,,,,,,,,
18,Hunan,1981,33.45,725,101.8,21.39,31.4,18312,123.38,211800,,0,,,,,,,,,,,,,,,,,,,,,,,,,
18,Hunan,1982,40.18,750,101.6,23.26,30.33,18300,135.9,211800,54010,0,,,,,,,,,,,,,,,,,,,,,,,,,
18,Hunan,1983,55.66,780,102.7,25.31,29.27,18379,142.7,211800,,0,,,,,,,,,,,,,,,,,,,,,,,,,
18,Hunan,1984,60.54,922,103.4,30.04,32.85,20084,150.8,211800,,0,,,,,,,,,,,,,,,,,,,,,,,,,
18,Hunan,1985,83.52,1059,110.9,40.09,39.19,18204,158.22,211800,,0,,,,,,,,,,,,,,,,,,,,,,,,,
18,Hunan,1986,99.26,1220,105.3,54.29,47.65,20430,166.83,211800,,0,,,,,,,,,,,,,,,,,,,,,,,,,
18,Hunan,1987,116.39,1400,109.8,55.93,54.38,20539,172.32,211800,,0,,,,,,,,,,,,,,,,,,,,,,,,,
18,Hunan,1988,140.04,1688,125.6,64.89,56.54,20991,173.19,211800,,0,,,,,,,,,,,,,,,,,,,,,,,,,
18,Hunan,1989,114.41,1862,118.2,74.23,68.86,21233,182.09,211800,,0,,,,,,,,,,,,,,,,,,,,,,,,,
18,Hunan,1990,124.17,2014,100.4,80.08,70.07,21060,430.21,211800,60657,0,,,,,,,,,,,,,,,,,,,,,,,,,
18,Hunan,1991,157.07,2152,104.4,88.58,80.52,20803,451.69,211800,,0,,,,,,,,,,,,,,,,,,,,,,,,,
18,Hunan,1992,233.39,2526,110.7,99.1,92.78,20276,468.73,211800,,0,,,,,,,,,,,,,,,,,,,,,,,,,
18,Hunan,1993,320.24,3142,116.8,132.03,127.56,22083,493.63,211800,,0,,,,,,,,,,,,,,,,,,,,,,,,,
18,Hunan,1994,420.89,4104,125.3,151.49,85.89,22978,532.16,211800,,0,,,,,,,,,,,,,,,,,,,,,,,,,
18,Hunan,1995,524.01,4797,119,173.94,108.16,23931,578.73,211800,,0,,,,,,,,,,,,,,,,,,,,,,,,,
19,Guangdong,1980,38.29,789,109.5,24.93,36.1,18449,126.25,179700,,1,,,,,,,,,,,,,,,,,,,,,,,,,
19,Guangdong,1981,60.4,873,106.3,27.18,39.45,19253,133.85,179700,,1,,,,,,,,,,,,,,,,,,,,,,,,,
19,Guangdong,1982,84.73,961,102.6,30.75,40.53,20027,135.52,179700,53631,1,,,,,,,,,,,,,,,,,,,,,,,,,
19,Guangdong,1983,88.71,1021,102.8,34.27,42.28,19755,169.96,179700,,1,,,,,,,,,,,,,,,,,,,,,,,,,
19,Guangdong,1984,130.37,1187,101.9,42.65,45.17,20810,200.07,179700,,1,,,,,,,,,,,,,,,,,,,,,,,,,
19,Guangdong,1985,184.59,1393,114.8,60.84,65.46,18416,245.21,179700,,1,,,,,,,,,,,,,,,,,,,,,,,,,
19,Guangdong,1986,216.5,1541,104.9,82.91,79.82,21429,279.15,179700,,1,,,,,,,,,,,,,,,,,,,,,,,,,
19,Guangdong,1987,251.01,1743,111.1,89.87,92.92,22159,348.61,179700,,1,,,,,,,,,,,,,,,,,,,,,,,,,
19,Guangdong,1988,353.59,2250,129.4,115.2,107.57,23041,473.78,179700,,1,,,,,,,,,,,,,,,,,,,,,,,,,
19,Guangdong,1989,347.34,2678,122.1,141.16,136.87,24623,548.6,179700,,1,,,,,,,,,,,,,,,,,,,,,,,,,
19,Guangdong,1990,381.47,2929,97.5,150.69,131.02,24694,600.71,179700,62829,1,,,,,,,,,,,,,,,,,,,,,,,,,
19,Guangdong,1991,478.2,3358,101.2,182.48,177.35,25541,654.82,179700,,1,,,,,,,,,,,,,,,,,,,,,,,,,
19,Guangdong,1992,921.75,4027,107.3,219.61,222.64,25536,737.12,179700,,1,,,,,,,,,,,,,,,,,,,,,,,,,
19,Guangdong,1993,1629.87,5327,121.6,331.27,346.56,29176,899.03,179700,,1,,,,,,,,,,,,,,,,,,,,,,,,,
19,Guangdong,1994,2141.15,7117,121.7,416.83,298.7,32163,1151.38,179700,,1,,,,,,,,,,,,,,,,,,,,,,,,,
19,Guangdong,1995,2327.22,8250,114,525.63,382.34,35258,1445.89,179700,,1,,,,,,,,,,,,,,,,,,,,,,,,,
20,Guangxi,1980,12.56,714,112.6,17.44,12.3,9143,63.31,237600,,1,,,,,,,,,,,,,,,,,,,,,,,,,
20,Guangxi,1981,10.52,721,102.7,16.04,12.73,9100,74.41,237600,,1,,,,,,,,,,,,,,,,,,,,,,,,,
20,Guangxi,1982,18.72,760,104.1,17.44,13.03,8973,88.23,237600,36421,1,,,,,,,,,,,,,,,,,,,,,,,,,
20,Guangxi,1983,21.39,787,103,18.84,13.58,8819,89.5,237600,,1,,,,,,,,,,,,,,,,,,,,,,,,,
20,Guangxi,1984,27.25,983,104.6,23.06,13.47,8600,95.02,237600,,1,,,,,,,,,,,,,,,,,,,,,,,,,
20,Guangxi,1985,42.22,1077,113,29.75,20.18,7503,108.02,237600,,1,,,,,,,,,,,,,,,,,,,,,,,,,
20,Guangxi,1986,55.21,1282,106.2,42.22,25.23,8556,118.69,237600,,1,,,,,,,,,,,,,,,,,,,,,,,,,
20,Guangxi,1987,63.26,1438,108.2,47.7,30.54,8651,137.92,237600,,1,,,,,,,,,,,,,,,,,,,,,,,,,
20,Guangxi,1988,75.63,1720,120.8,53.27,33.89,8883,168.94,237600,,1,,,,,,,,,,,,,,,,,,,,,,,,,
20,Guangxi,1989,71.89,1819,121.1,57.74,41.41,9128,212.17,237600,,1,,,,,,,,,,,,,,,,,,,,,,,,,
20,Guangxi,1990,68.57,2049,101.1,65,46.83,8981,252.22,237600,42244,1,,,,,,,,,,,,,,,,,,,,,,,,,
20,Guangxi,1991,89.65,2262,102.8,71.61,55.92,9129,278.15,237600,,1,,,,,,,,,,,,,,,,,,,,,,,,,
20,Guangxi,1992,141.04,2634,105.9,78.48,61.2,9323,333.12,237600,,1,,,,,,,,,,,,,,,,,,,,,,,,,
20,Guangxi,1993,278.07,3368,122,107.49,95.93,11066,378.62,237600,,1,,,,,,,,,,,,,,,,,,,,,,,,,
20,Guangxi,1994,382.59,4468,126,124.93,62.26,11406,516.46,237600,,1,,,,,,,,,,,,,,,,,,,,,,,,,
20,Guangxi,1995,423.37,5105,118.4,140.59,79.44,12603,698.28,237600,,1,,,,,,,,,,,,,,,,,,,,,,,,,
21,Hainan,1980,3.47,692,106.8,2.1,1.19,1589,10.24,35354,,1,,,,,,,,,,,,,,,,,,,,,,,,,
21,Hainan,1981,4.77,728,106.5,2.42,1.14,1505,12.21,35354,,1,,,,,,,,,,,,,,,,,,,,,,,,,
21,Hainan,1982,5.83,790,103.8,2.59,1.28,1434,21.95,35354,5668,1,,,,,,,,,,,,,,,,,,,,,,,,,
21,Hainan,1983,6.32,812,100.8,3.18,1.62,1372,23.8,35354,,1,,,,,,,,,,,,,,,,,,,,,,,,,
21,Hainan,1984,9.83,929,102.7,4.53,3.05,1421,27.82,35354,,1,,,,,,,,,,,,,,,,,,,,,,,,,
21,Hainan,1985,15.31,1020,113.1,5.9,3.16,1526,30.61,35354,,1,,,,,,,,,,,,,,,,,,,,,,,,,
21,Hainan,1986,16,1168,104.1,6.63,2.59,1523,35.53,35354,,1,,,,,,,,,,,,,,,,,,,,,,,,,
21,Hainan,1987,16.02,1233,109.8,6.72,2.96,838,41.26,35354,,1,,,,,,,,,,,,,,,,,,,,,,,,,
21,Hainan,1988,20.14,1399,128.1,9.25,4.82,825,57.63,35354,,1,,,,,,,,,,,,,,,,,,,,,,,,,
21,Hainan,1989,28.81,1640,128.4,13.81,6.25,832,64.47,35354,,1,,,,,,,,,,,,,,,,,,,,,,,,,
21,Hainan,1990,35.55,1980,102.1,17.42,7.39,844,68.72,35354,6557,1,,,,,,,,,,,,,,,,,,,,,,,,,
21,Hainan,1991,45.63,2194,103.9,19.39,9.31,886,78.78,35354,,1,,,,,,,,,,,,,,,,,,,,,,,,,
21,Hainan,1992,87.05,2720,108.7,25.36,14.97,860,87.16,35354,,1,,,,,,,,,,,,,,,,,,,,,,,,,
21,Hainan,1993,188.25,3501,123.3,38.52,23.03,1303,120.25,35354,,1,,,,,,,,,,,,,,,,,,,,,,,,,
21,Hainan,1994,220.25,4058,126.7,40.01,27.53,1057,169.99,35354,,1,,,,,,,,,,,,,,,,,,,,,,,,,
21,Hainan,1995,198.07,5340,113.5,42.39,28.53,1330,202.52,35354,,1,,,,,,,,,,,,,,,,,,,,,,,,,
22,Chongqing,1980,,,,0,,10963,0,82400,,0,,,,,,,,,,,,,,,,,,,,,,,,,
22,Chongqing,1981,,,,0,,11706,0,82400,,0,,,,,,,,,,,,,,,,,,,,,,,,,
22,Chongqing,1982,,,,0,,11727,0,82400,,0,,,,,,,,,,,,,,,,,,,,,,,,,
22,Chongqing,1983,,,,0,,12122,0,82400,,0,,,,,,,,,,,,,,,,,,,,,,,,,
22,Chongqing,1984,,,,0,,13102,0,82400,,0,,,,,,,,,,,,,,,,,,,,,,,,,
22,Chongqing,1985,,,,0,,9924,0,82400,,0,,,,,,,,,,,,,,,,,,,,,,,,,
22,Chongqing,1986,,,,0,,12454,0,82400,,0,,,,,,,,,,,,,,,,,,,,,,,,,
22,Chongqing,1987,,,,0,,11556,0,82400,,0,,,,,,,,,,,,,,,,,,,,,,,,,
22,Chongqing,1988,,,,0,,11303,0,82400,,0,,,,,,,,,,,,,,,,,,,,,,,,,
22,Chongqing,1989,,,,0,,10976,0,82400,,0,,,,,,,,,,,,,,,,,,,,,,,,,
22,Chongqing,1990,,,,0,19.6,10763,0,82400,,0,,,,,,,,,,,,,,,,,,,,,,,,,
22,Chongqing,1991,,,,0,26.5,10780,0,82400,,0,,,,,,,,,,,,,,,,,,,,,,,,,
22,Chongqing,1992,,,,0,31.55,9693,0,82400,,0,,,,,,,,,,,,,,,,,,,,,,,,,
22,Chongqing,1993,,,,0,44.56,9083,0,82400,,0,,,,,,,,,,,,,,,,,,,,,,,,,
22,Chongqing,1994,,,,0,27.28,9713,0,82400,,0,,,,,,,,,,,,,,,,,,,,,,,,,
22,Chongqing,1995,,,,0,34.42,11474,0,82400,,0,,,,,,,,,,,,,,,,,,,,,,,,,
23,Sichuan,1980,32,679,109.4,33.51,34.62,37601,136.92,486100,,0,,,,,,,,,,,,,,,,,,,,,,,,,
23,Sichuan,1981,40.53,728,102.7,29.87,31.52,39899,147.02,486100,,0,,,,,,,,,,,,,,,,,,,,,,,,,
23,Sichuan,1982,44.1,745,102.2,31.87,35.54,40512,177.53,486100,99713,0,,,,,,,,,,,,,,,,,,,,,,,,,
23,Sichuan,1983,51.62,779,101.2,36.64,40.32,40555,193.77,486100,,0,,,,,,,,,,,,,,,,,,,,,,,,,
23,Sichuan,1984,70.09,892,102.2,47.91,46.37,43534,211.93,486100,,0,,,,,,,,,,,,,,,,,,,,,,,,,
23,Sichuan,1985,109.66,970,107.3,49.72,39.66,36158,234.82,486100,,0,,,,,,,,,,,,,,,,,,,,,,,,,
23,Sichuan,1986,112.76,1180,104.8,69.42,45.02,42642,254.33,486100,,0,,,,,,,,,,,,,,,,,,,,,,,,,
23,Sichuan,1987,140.18,1217,107.6,69.01,52.12,38338,294.59,486100,,0,,,,,,,,,,,,,,,,,,,,,,,,,
23,Sichuan,1988,158.51,1300,119.9,77.99,61.42,37422,361.11,486100,,0,,,,,,,,,,,,,,,,,,,,,,,,,
23,Sichuan,1989,152.4,1525,119.8,95.65,76.7,36239,400.4,486100,,0,,,,,,,,,,,,,,,,,,,,,,,,,
23,Sichuan,1990,162.66,1981,103.8,106.92,81.87,35480,484.31,486100,107218,0,,,,,,,,,,,,,,,,,,,,,,,,,
23,Sichuan,1991,204.28,2104,103,110.96,90.05,35609,513.43,486100,,0,,,,,,,,,,,,,,,,,,,,,,,,,
23,Sichuan,1992,304.78,2239,107.4,122.88,99.97,30569,565.62,486100,,0,,,,,,,,,,,,,,,,,,,,,,,,,
23,Sichuan,1993,459.4,2553,116.8,161.25,142.63,30156,660.69,486100,,0,,,,,,,,,,,,,,,,,,,,,,,,,
23,Sichuan,1994,573.43,3177,124.6,181.31,99.36,31300,930.8,486100,,0,,,,,,,,,,,,,,,,,,,,,,,,,
23,Sichuan,1995,677.34,3952,118.5,211.5,121.07,38351,1113.96,486100,,0,,,,,,,,,,,,,,,,,,,,,,,,,
24,Guizhou,1980,13.97,755,109.9,12.66,6.69,5008,36.44,176200,,0,,,,,,,,,,,,,,,,,,,,,,,,,
24,Guizhou,1981,15.16,774,103.1,13.28,6.32,5050,41.93,176200,,0,,,,,,,,,,,,,,,,,,,,,,,,,
24,Guizhou,1982,15.52,783,103.6,15.11,7.7,5517,51.49,176200,28552,0,,,,,,,,,,,,,,,,,,,,,,,,,
24,Guizhou,1983,17.07,801,101.6,16.38,9.56,5526,52.66,176200,,0,,,,,,,,,,,,,,,,,,,,,,,,,
24,Guizhou,1984,23.02,913,102.8,22.28,11.81,6706,63.09,176200,,0,,,,,,,,,,,,,,,,,,,,,,,,,
24,Guizhou,1985,33.14,1066,107.7,24.55,15.17,6427,70.24,176200,,0,,,,,,,,,,,,,,,,,,,,,,,,,
24,Guizhou,1986,35.99,1216,105.4,30.43,17.01,6752,79.34,176200,,0,,,,,,,,,,,,,,,,,,,,,,,,,
24,Guizhou,1987,42.97,1319,107.1,31.43,21.37,5945,92.25,176200,,0,,,,,,,,,,,,,,,,,,,,,,,,,
24,Guizhou,1988,45.42,1531,119.8,36.14,25.96,5545,123.39,176200,,0,,,,,,,,,,,,,,,,,,,,,,,,,
24,Guizhou,1989,44.08,1676,118.3,45.89,32.14,5239,133.69,176200,,0,,,,,,,,,,,,,,,,,,,,,,,,,
24,Guizhou,1990,51.51,1947,101.8,47.87,35.37,5134,145.53,176200,32391,0,,,,,,,,,,,,,,,,,,,,,,,,,
24,Guizhou,1991,58.44,2090,104.4,53.42,42.8,5077,165.34,176200,,0,,,,,,,,,,,,,,,,,,,,,,,,,
24,Guizhou,1992,78.82,2406,107.8,60.63,47.28,4727,176.73,176200,,0,,,,,,,,,,,,,,,,,,,,,,,,,
24,Guizhou,1993,106.3,2823,116,67.39,56.5,5455,201.4,176200,,0,,,,,,,,,,,,,,,,,,,,,,,,,
24,Guizhou,1994,140.95,3870,122.8,74.23,31.24,5039,277.13,176200,,0,,,,,,,,,,,,,,,,,,,,,,,,,
24,Guizhou,1995,173.66,4475,121.4,85.33,38.8,7512,344.85,176200,,0,,,,,,,,,,,,,,,,,,,,,,,,,
25,Yunnan,1980,20.9,760,108.1,17.32,11.64,6289,48.2,394100,,0,,,,,,,,,,,,,,,,,,,,,,,,,
25,Yunnan,1981,18.43,780,100.8,15.73,12.69,6029,55.2,394100,,0,,,,,,,,,,,,,,,,,,,,,,,,,
25,Yunnan,1982,22.68,806,101.7,18.8,15.66,6130,61.84,394100,32553,0,,,,,,,,,,,,,,,,,,,,,,,,,
25,Yunnan,1983,22.81,840,100.6,24.23,17.17,5996,65.68,394100,,0,,,,,,,,,,,,,,,,,,,,,,,,,
25,Yunnan,1984,30.97,1014,101.9,30.77,19.73,8000,77.36,394100,,0,,,,,,,,,,,,,,,,,,,,,,,,,
25,Yunnan,1985,46.28,1171,108.2,36.7,27.41,6419,88.88,394100,,0,,,,,,,,,,,,,,,,,,,,,,,,,
25,Yunnan,1986,49.92,1300,106.1,47.31,30.01,8162,96.01,394100,,0,,,,,,,,,,,,,,,,,,,,,,,,,
25,Yunnan,1987,54.38,1439,107,53.86,37.49,7187,111.25,394100,,0,,,,,,,,,,,,,,,,,,,,,,,,,
25,Yunnan,1988,67.77,1715,119.8,64.84,50.53,6018,135.39,394100,,0,,,,,,,,,,,,,,,,,,,,,,,,,
25,Yunnan,1989,67.8,1880,118.6,81.89,63.27,6055,152.68,394100,,0,,,,,,,,,,,,,,,,,,,,,,,,,
25,Yunnan,1990,75.74,2130,102.8,90.76,77.43,5977,211.72,394100,36972,0,,,,,,,,,,,,,,,,,,,,,,,,,
25,Yunnan,1991,98.32,2328,103.1,110.82,99.78,5933,222.93,394100,,0,,,,,,,,,,,,,,,,,,,,,,,,,
25,Yunnan,1992,140.69,2686,108.9,121.59,109.32,5467,250.35,394100,,0,,,,,,,,,,,,,,,,,,,,,,,,,
25,Yunnan,1993,251.4,3170,121.3,200.62,204.94,5726,281.21,394100,,0,,,,,,,,,,,,,,,,,,,,,,,,,
25,Yunnan,1994,321.73,4514,119.2,203.73,76.7,5620,356.78,394100,,0,,,,,,,,,,,,,,,,,,,,,,,,,
25,Yunnan,1995,380.57,5149,121.3,235.1,98.35,6389,474.46,394100,,0,,,,,,,,,,,,,,,,,,,,,,,,,
26,Tibet,1980,1.81,1025,,4.66,-0.6,147,5.32,1228400,,0,,,,,,,,,,,,,,,,,,,,,,,,,
26,Tibet,1981,1.22,1116,,4.35,-0.57,257,6.57,1228400,,0,,,,,,,,,,,,,,,,,,,,,,,,,
26,Tibet,1982,1.56,1350,,5.01,-0.56,315,6.34,1228400,1892,0,,,,,,,,,,,,,,,,,,,,,,,,,
26,Tibet,1983,1.99,1396,,5.88,-0.48,132,5.95,1228400,,0,,,,,,,,,,,,,,,,,,,,,,,,,
26,Tibet,1984,4.79,1776,,10.24,-1.1,123,7.92,1228400,,0,,,,,,,,,,,,,,,,,,,,,,,,,
26,Tibet,1985,7.49,1963,,10.29,-0.6,136,10.89,1228400,,0,,,,,,,,,,,,,,,,,,,,,,,,,
26,Tibet,1986,5.35,2375,,8.97,-0.07,236,9.92,1228400,,0,,,,,,,,,,,,,,,,,,,,,,,,,
26,Tibet,1987,5.3,2499,,9.13,-0.04,200,10.38,1228400,,0,,,,,,,,,,,,,,,,,,,,,,,,,
26,Tibet,1988,5.81,2710,,10.48,-0.02,114,12.95,1228400,,0,,,,,,,,,,,,,,,,,,,,,,,,,
26,Tibet,1989,6.69,2881,,11.92,0.14,208,13.71,1228400,,0,,,,,,,,,,,,,,,,,,,,,,,,,
26,Tibet,1990,7.61,3181,,12.92,0.18,211,19.5,1228400,2196,0,,,,,,,,,,,,,,,,,,,,,,,,,
26,Tibet,1991,10.57,3303,,15,0.23,217,21.01,1228400,,0,,,,,,,,,,,,,,,,,,,,,,,,,
26,Tibet,1992,13.33,3448,,16.61,1.09,223,22.45,1228400,,0,,,,,,,,,,,,,,,,,,,,,,,,,
26,Tibet,1993,18.15,4085,,21.6,1.56,230,22.99,1228400,,0,,,,,,,,,,,,,,,,,,,,,,,,,
26,Tibet,1994,21.17,6857,,30.3,6.02,232,26.82,1228400,,0,,,,,,,,,,,,,,,,,,,,,,,,,
26,Tibet,1995,36.95,7382,,34.87,2.15,306,35.9,1228400,,0,,,,,,,,,,,,,,,,,,,,,,,,,
27,Shaanxi,1980,27.8,785,105.4,18.28,15.81,9221,41.88,205800,,0,,,,,,,,,,,,,,,,,,,,,,,,,
27,Shaanxi,1981,22.92,780,103.6,16.39,13.45,9129,46.47,205800,,0,,,,,,,,,,,,,,,,,,,,,,,,,
27,Shaanxi,1982,29.48,797,100.4,17.3,13.56,9693,56.9,205800,28904,0,,,,,,,,,,,,,,,,,,,,,,,,,
27,Shaanxi,1983,30.83,824,102.2,18.81,14.54,9566,60.95,205800,,0,,,,,,,,,,,,,,,,,,,,,,,,,
27,Shaanxi,1984,40.39,973,103.4,22.75,15.31,10603,73.69,205800,,0,,,,,,,,,,,,,,,,,,,,,,,,,
27,Shaanxi,1985,57.99,1122,107.4,27.5,20.3,10800,79.58,205800,,0,,,,,,,,,,,,,,,,,,,,,,,,,
27,Shaanxi,1986,63.53,1291,106,35.59,24.09,11713,87.2,205800,,0,,,,,,,,,,,,,,,,,,,,,,,,,
27,Shaanxi,1987,80.89,1409,108.2,37.81,28.18,11934,103.39,205800,,0,,,,,,,,,,,,,,,,,,,,,,,,,
27,Shaanxi,1988,94.72,1680,118.8,44.58,33.88,11876,130.52,205800,,0,,,,,,,,,,,,,,,,,,,,,,,,,
27,Shaanxi,1989,95.18,1856,118.5,50.79,38.96,11964,147.81,205800,,0,,,,,,,,,,,,,,,,,,,,,,,,,
27,Shaanxi,1990,103.72,2042,102.4,53.91,41.19,11801,169.96,205800,32882,0,,,,,,,,,,,,,,,,,,,,,,,,,
27,Shaanxi,1991,124.93,2198,106.6,58.28,45.14,11725,185.37,205800,,0,,,,,,,,,,,,,,,,,,,,,,,,,
27,Shaanxi,1992,142.47,2434,110.3,65.27,50.95,11741,205.34,205800,,0,,,,,,,,,,,,,,,,,,,,,,,,,
27,Shaanxi,1993,228.21,2890,113.1,75.4,62.9,12824,250.49,205800,,0,,,,,,,,,,,,,,,,,,,,,,,,,
27,Shaanxi,1994,283.29,3803,126.7,85.52,42.59,12763,302.38,205800,,0,,,,,,,,,,,,,,,,,,,,,,,,,
27,Shaanxi,1995,324.33,4396,119,102.69,51.3,13122,381.65,205800,,0,,,,,,,,,,,,,,,,,,,,,,,,,
28,Gansu,1980,12.65,875,110.5,12.3,14.93,3730,27.39,425800,,0,,,,,,,,,,,,,,,,,,,,,,,,,
28,Gansu,1981,14.1,878,102.7,11.2,12.99,3653,28.02,425800,,0,,,,,,,,,,,,,,,,,,,,,,,,,
28,Gansu,1982,15.69,907,102.2,12.79,12.47,3579,30.52,425800,19569,0,,,,,,,,,,,,,,,,,,,,,,,,,
28,Gansu,1983,18.91,944,100.6,15.53,10.9,3592,40.09,425800,,0,,,,,,,,,,,,,,,,,,,,,,,,,
28,Gansu,1984,24.51,1200,103.3,21.15,13.23,3749,40.33,425800,,0,,,,,,,,,,,,,,,,,,,,,,,,,
28,Gansu,1985,33.9,1363,109.2,24,16.38,4073,48.82,425800,,0,,,,,,,,,,,,,,,,,,,,,,,,,
28,Gansu,1986,40.42,1555,106.6,30.01,19.76,5129,56.4,425800,,0,,,,,,,,,,,,,,,,,,,,,,,,,
28,Gansu,1987,47.91,1680,107.6,31.77,22.58,5187,65.52,425800,,0,,,,,,,,,,,,,,,,,,,,,,,,,
28,Gansu,1988,59.54,1949,119.1,36.38,24.98,5422,84.72,425800,,0,,,,,,,,,,,,,,,,,,,,,,,,,
28,Gansu,1989,51.19,2207,117.9,41.26,31.52,5663,89.12,425800,,0,,,,,,,,,,,,,,,,,,,,,,,,,
28,Gansu,1990,59.35,2407,103.2,45.94,34.21,5896,102.5,425800,22371,0,,,,,,,,,,,,,,,,,,,,,,,,,
28,Gansu,1991,68.59,2566,104.9,51.32,37.89,6032,106.57,425800,,0,,,,,,,,,,,,,,,,,,,,,,,,,
28,Gansu,1992,85.13,2902,107.2,53.48,39.97,6062,119.5,425800,,0,,,,,,,,,,,,,,,,,,,,,,,,,
28,Gansu,1993,122.08,3422,115.4,63.17,52.11,6390,135.4,425800,,0,,,,,,,,,,,,,,,,,,,,,,,,,
28,Gansu,1994,159.05,4796,123.7,72.38,29.08,6739,212.19,425800,,0,,,,,,,,,,,,,,,,,,,,,,,,,
28,Gansu,1995,194.67,5493,119.8,81.39,33.92,7182,269.45,425800,,0,,,,,,,,,,,,,,,,,,,,,,,,,
29,Qinghai,1980,7.38,1065,105.6,5.88,1.65,1274,7.78,722300,,0,,,,,,,,,,,,,,,,,,,,,,,,,
29,Qinghai,1981,8.47,1059,101.3,5.52,1.08,1178,7.3,722300,,0,,,,,,,,,,,,,,,,,,,,,,,,,
29,Qinghai,1982,10.51,1111,101.8,6.24,1.3,1344,8.36,722300,3895,0,,,,,,,,,,,,,,,,,,,,,,,,,
29,Qinghai,1983,12.67,1246,100.7,7.39,1.54,1292,8.69,722300,,0,,,,,,,,,,,,,,,,,,,,,,,,,
29,Qinghai,1984,13.51,1490,103.4,9.28,1.64,1303,10.5,722300,,0,,,,,,,,,,,,,,,,,,,,,,,,,
29,Qinghai,1985,17.17,1719,110.7,10.09,2.4,1293,12.25,722300,,0,,,,,,,,,,,,,,,,,,,,,,,,,
29,Qinghai,1986,17.81,1917,,12.22,3.21,1460,14.11,722300,,0,,,,,,,,,,,,,,,,,,,,,,,,,
29,Qinghai,1987,21.9,2041,107.2,12.26,4.01,1411,15.94,722300,,0,,,,,,,,,,,,,,,,,,,,,,,,,
29,Qinghai,1988,25.67,2305,118,14.28,5.07,1478,19.49,722300,,0,,,,,,,,,,,,,,,,,,,,,,,,,
29,Qinghai,1989,21.53,2438,117.5,15.67,6.69,1485,21.6,722300,,0,,,,,,,,,,,,,,,,,,,,,,,,,
29,Qinghai,1990,22.25,2632,105.1,17.13,7.24,1450,24.53,722300,4457,0,,,,,,,,,,,,,,,,,,,,,,,,,
29,Qinghai,1991,23.94,2752,107.6,18.23,8.79,1477,25.24,722300,,0,,,,,,,,,,,,,,,,,,,,,,,,,
29,Qinghai,1992,30.27,3098,108,18.62,8.16,1457,27.26,722300,,0,,,,,,,,,,,,,,,,,,,,,,,,,
29,Qinghai,1993,44.73,3658,113.2,22.54,11.37,1498,31,722300,,0,,,,,,,,,,,,,,,,,,,,,,,,,
29,Qinghai,1994,45.2,4976,121.8,25.36,7.01,1523,44.87,722300,,0,,,,,,,,,,,,,,,,,,,,,,,,,
29,Qinghai,1995,55.58,5753,118,28.8,8.6,1841,55.1,722300,,0,,,,,,,,,,,,,,,,,,,,,,,,,
30,Ningxia,1980,3.98,863,108,5.75,2.04,889,6.41,66400,,0,,,,,,,,,,,,,,,,,,,,,,,,,
30,Ningxia,1981,3.69,874,102.1,4.61,1.44,877,7.49,66400,,0,,,,,,,,,,,,,,,,,,,,,,,,,
30,Ningxia,1982,4.8,895,102.8,5.71,1.52,889,7.69,66400,3895,0,,,,,,,,,,,,,,,,,,,,,,,,,
30,Ningxia,1983,5.62,934,101.6,6.95,1.78,943,9.14,66400,,0,,,,,,,,,,,,,,,,,,,,,,,,,
30,Ningxia,1984,8.36,1072,103.3,8.79,2.31,992,10.99,66400,,0,,,,,,,,,,,,,,,,,,,,,,,,,
30,Ningxia,1985,13.63,1206,108.6,9.85,2.91,1262,12.02,66400,,0,,,,,,,,,,,,,,,,,,,,,,,,,
30,Ningxia,1986,17.35,1420,105.8,12.02,3.66,1462,14.16,66400,,0,,,,,,,,,,,,,,,,,,,,,,,,,
30,Ningxia,1987,19.37,1500,107.3,11.84,4.11,1508,14.76,66400,,0,,,,,,,,,,,,,,,,,,,,,,,,,
30,Ningxia,1988,18.79,1728,117.1,13.82,4.66,1568,19.66,66400,,0,,,,,,,,,,,,,,,,,,,,,,,,,
30,Ningxia,1989,17.58,1943,117.2,14.66,5.76,1617,21.43,66400,,0,,,,,,,,,,,,,,,,,,,,,,,,,
30,Ningxia,1990,21.96,2202,107.1,14.96,6.23,1620,24.69,66400,4655,0,,,,,,,,,,,,,,,,,,,,,,,,,
30,Ningxia,1991,28.81,2366,106.3,16.05,6.81,1594,26.95,66400,,0,,,,,,,,,,,,,,,,,,,,,,,,,
30,Ningxia,1992,38.09,2674,108.3,15.86,7.73,1552,28.37,66400,,0,,,,,,,,,,,,,,,,,,,,,,,,,
30,Ningxia,1993,52.67,3128,114.3,19.4,10.85,1682,31.89,66400,,0,,,,,,,,,,,,,,,,,,,,,,,,,
30,Ningxia,1994,60.98,4270,123.1,19.38,7.17,1658,45.8,66400,,0,,,,,,,,,,,,,,,,,,,,,,,,,
30,Ningxia,1995,70.12,5079,117.1,22.99,8.98,1724,56.55,66400,,0,,,,,,,,,,,,,,,,,,,,,,,,,
31,Xinjiang,1980,,842,104.8,16.22,4.03,2286,22.01,1664900,,0,,,,,,,,,,,,,,,,,,,,,,,,,
31,Xinjiang,1981,18.4,886,102.4,14.82,1.65,2429,35.08,1664900,,0,,,,,,,,,,,,,,,,,,,,,,,,,
31,Xinjiang,1982,24.74,940,100.1,14.94,4.38,2575,38.76,1664900,13081,0,,,,,,,,,,,,,,,,,,,,,,,,,
31,Xinjiang,1983,27.79,851,102.2,18.61,5.63,2604,43.39,1664900,,0,,,,,,,,,,,,,,,,,,,,,,,,,
31,Xinjiang,1984,33.73,1078,102.4,23.33,7.22,2697,49.89,1664900,,0,,,,,,,,,,,,,,,,,,,,,,,,,
31,Xinjiang,1985,44.48,1166,107.8,28.6,8.47,3520,56.57,1664900,,0,,,,,,,,,,,,,,,,,,,,,,,,,
31,Xinjiang,1986,48.47,1394,107.3,35.12,10.2,3833,65.52,1664900,,0,,,,,,,,,,,,,,,,,,,,,,,,,
31,Xinjiang,1987,51.25,1499,107.2,33.69,11.58,3885,81.63,1664900,,0,,,,,,,,,,,,,,,,,,,,,,,,,
31,Xinjiang,1988,68.41,1579,114.7,38.91,15.46,3870,108.46,1664900,,0,,,,,,,,,,,,,,,,,,,,,,,,,
31,Xinjiang,1989,75.07,1753,116,41.7,19.15,4069,121.5,1664900,,0,,,,,,,,,,,,,,,,,,,,,,,,,
31,Xinjiang,1990,88.78,2174,105,47.62,21.58,4192,144.65,1664900,15156,0,,,,,,,,,,,,,,,,,,,,,,,,,
31,Xinjiang,1991,124.93,2246,108.6,50.34,24.27,4142,162.01,1664900,,0,,,,,,,,,,,,,,,,,,,,,,,,,
31,Xinjiang,1992,170.03,2509,108.6,56.09,26.07,4134,172.42,1664900,,0,,,,,,,,,,,,,,,,,,,,,,,,,
31,Xinjiang,1993,248.44,2851,113,64.71,36.13,4473,198.2,1664900,,0,,,,,,,,,,,,,,,,,,,,,,,,,
31,Xinjiang,1994,285.48,3330,126.7,71.1,28.7,4693,306.47,1664900,,0,,,,,,,,,,,,,,,,,,,,,,,,,
31,Xinjiang,1995,333.34,4468,119.7,96.4,38.28,5160,405.73,1664900,,0,,,,,,,,,,,,,,,,,,,,,,,,,